title,identifier,is_active,publish_time,content_heading,short_content,content,meta_keywords,meta_description,thumbnailimage
How to Wear Yellow: 10 Street Style Looks To Celebrate Spring,how-to-wear-yellow-street-style,1,,,"No matter which shade you choose, yellow is a hot colour on the runways and the street style scene. Once relegated to the back of your closet in favour of darker neutrals, this vibrant hue is all you need","Sunshine, marigold, saffron and egg yolk.

No matter which shade you choose, yellow is a hot colour on the runways and the street style scene. Once relegated to the back of your closet in favour of darker neutrals, this vibrant hue is all you need to perk up your mood on those first frosty spring mornings (plus, it looks great with all that black, grey and navy you already own). Dip your toe in the trend with a small accessory like a a sunny bag or bright sneaker, or dive head first in sateen pants or a sporty varsity jacket dipped in gold.

Click through the gallery below for 10 inspiring springtime street style looks.",,,pub/media/blog/01.jpg
"Street Style, New York Fashion Week 2017: 20 Ways To Look Great When It’s Cold And Snowy",street-style-new-york-fashion-week-2017-20-ways-look-great-cold-snowy,1,,,"Come rain or shine–or in this case, a blizzard–the show must go on. So when fashion influencers and media peeps gather in New York for the fall/winter shows, on go the sartorial thinking caps.","Come rain or shine–or in this case, a blizzard–the show must go on. So when fashion influencers and media peeps gather in New York for the fall/winter shows, on go the sartorial thinking caps.

This year, the results were impressive. As if to contrast the snow and overcast skies, attendees busted out some crazy colourful and cozy ensembles. Think fur coats, sherpa jackets, layers, blanket scarves and everything oversized.

Take a look at the 20 warmest (yet striking) street style looks from outside the New York Fashion Week. And admittedly some outfits aren’t exactly ‘warm’, but this will surely provide overcoat inspo, and perhaps alter your opinion on winter in general. See? It’s not so bad.",,,pub/media/blog/02.jpg
